Title,Artist,Key,Chord 1,1,2,3,4,5,6,7,8,Chord 2,1,2,3,4,5,6,7,8,Chord 3,1,2,3,4,5,6,7,8,Chord 4,1,2,3,4,5,6,7,8
Shape of You,Ed Sheeran,Minor,0,0,C,C,2,C,C,0,C,3,0,C,C,2,C,C,0,C,5,0,C,C,2,C,C,0,C,6,1,C,C,0,C,C,-1,C
Shape of You,Ed Sheeran,Minor,0,2,C,2,2,2,2,C,2,3,C,2,2,2,2,2,2,2,5,2,C,2,C,3,4,C,4,6,C,C,C,C,C,C,C,C
Shape of You,Ed Sheeran,Minor,0,0,C,0,C,0,C,-1,C,3,0,C,4,C,3,C,C,C,5,2,3,C,4,3,C,2,C,6,0,C,2,C,4,3,3,C
Shape of You,Ed Sheeran,Minor,0,0,C,C,C,6,4,4,C,3,3,2,2,C,0,C,0,C,5,6,4,4,C,3,2,2,C,6,0,C,-3,C,-1,C,0,C
Shape of You,Ed Sheeran,Minor,0,C,C,C,C,C,C,2,3,3,4,C,0,C,2,C,3,C,5,3,C,C,C,C,C,2,3,6,4,C,2,2,2,C,3,C
Shape of You,Ed Sheeran,Minor,0,0,C,C,C,C,C,3,C,3,4,C,6,4,3,C,2,C,5,3,C,C,C,C,2,2,3,6,4,C,3,C,2,C,3,C
Old Town Road,Lil Nas X,Minor,0,4,C,3,C,2,C,0,0,2,4,3,C,3,C,0,0,-1,6,C,C,3,C,C,C,3,4,3,2,C,1,C,1,0,0,0
Old Town Road,Lil Nas X,Minor,0,3,4,4,3,4,C,C,C,2,2,3,3,2,3,C,C,C,6,2,3,3,2,3,C,3,2,3,3,2,3,4,3,2,0,C
Old Town Road,Lil Nas X,Minor,0,4,4,3,3,4,C,7,C,2,4,C,3,C,C,C,2,C,6,C,0,0,0,0,C,0,C,3,3,C,2,C,C,1,0,C
Hello,OMFG,Minor,0,0,C,C,C,0,1,2,4,5,5,C,5,C,5,4,3,4,2,2,C,C,C,2,3,4,C,6,6,C,6,4,6,C,4,C
I Love You,OMFG,Minor,0,0,C,2,1,2,C,4,C,5,5,C,C,5,C,C,6,C,2,2,C,4,3,4,C,3,2,6,-1,C,C,-1,C,2,3,2
I Love You,OMFG,Minor,0,0,C,2,1,2,C,4,C,5,5,C,C,5,C,C,6,C,2,6,C,6,6,4,C,6,C,6,-1,C,-1,-1,2,2,1,-1
Birthday Party,AJR,Major,0,5,C,7,4,C,5,2,C,2,4,1,C,2,0,C,C,C,6,5,C,7,4,C,5,2,C,4,4,1,C,2,0,C,C,C
Birthday Party,AJR,Major,0,-3,C,2,C,C,C,C,-3,2,2,2,2,2,1,C,0,C,6,-2,C,2,C,C,C,C,-3,4,2,2,2,2,1,C,C,0
Replay,Iyaz,Minor,0,4,C,6,C,4,C,3,2,5,3,4,3,C,2,C,6,C,2,4,C,3,2,3,C,3,C,6,4,C,3,4,3,2,0,C
Replay,Iyaz,Minor,0,0,C,2,0,2,C,2,C,5,2,3,4,4,C,-1,0,-1,2,0,C,0,C,0,1,2,2,6,C,C,2,2,C,C,C,C
Replay,Iyaz,Minor,0,4,C,2,2,2,C,0,0,5,4,4,2,C,2,C,0,C,2,3,3,3,3,3,3,2,C,6,2,1,C,C,C,C,C,C
Replay,Iyaz,Minor,0,4,C,0,0,0,C,4,C,5,4,3,C,C,C,-1,-1,-1,2,2,2,2,C,2,C,3,C,6,3,C,C,0,2,C,0,C
Replay,Iyaz,Minor,0,2,C,2,2,2,C,2,2,5,2,C,0,C,C,C,6,C,2,2,2,2,2,7,C,6,C,6,6,4,3,C,C,C,4,C
Hey Jude,The Beatles,Major,0,2,C,C,C,C,2,4,5,4,1,C,C,C,C,C,1,2,4,3,C,7,C,C,7,6,4,0,5,4,2,C,C,C,C,C
Dynamite,Taio Cruz,Minor,0,2,C,C,C,2,C,C,C,6,2,C,C,C,2,C,C,C,2,C,C,2,C,2,C,2,2,5,C,C,2,C,2,C,2,C
Dynamite,Taio Cruz,Minor,0,2,C,C,C,2,C,C,C,6,2,C,C,C,2,C,C,C,2,C,C,2,C,2,C,2,3,5,C,C,2,C,2,C,6,C
Dynamite,Taio Cruz,Minor,0,0,C,4,C,4,C,4,C,6,4,C,3,C,2,C,3,C,2,4,C,C,-1,C,C,0,C,5,C,C,C,C,2,C,3,C
Dynamite,Taio Cruz,Minor,0,2,C,C,C,C,C,0,C,6,C,C,C,C,2,C,3,C,2,2,C,C,C,C,C,0,C,5,C,C,2,C,2,C,2,C
Dynamite,Taio Cruz,Minor,0,2,C,C,2,C,C,1,C,6,C,C,2,C,2,C,2,C,2,2,C,C,2,C,C,2,C,5,C,C,2,C,2,C,2,C
Dynamite,Taio Cruz,Minor,0,2,C,C,2,C,C,1,C,6,C,C,C,C,2,C,3,C,2,4,C,C,-1,C,C,0,C,5,C,C,C,C,2,C,2,C
Adore You,Harry Styles,Minor,0,0,C,0,C,0,C,-3,C,2,0,-1,0,-1,0,2,-1,C,5,0,C,0,C,0,C,-3,C,6,0,-1,0,-1,0,2,-1,C
Adore You,Harry Styles,Minor,0,0,C,4,C,2,C,3,C,2,0,C,-1,C,2,C,3,2,5,C,-1,0,C,2,C,3,2,6,C,-1,0,C,C,C,C,C
All Night,Big Boi,Major,0,0,C,0,C,C,C,C,C,2,C,2,1,0,1,0,-2,-3,5,0,C,0,C,C,C,C,C,3,C,-2,-3,-2,0,-2,-3,-2
Riptide,Vance Joy,Minor,0,0,C,1,C,2,C,3,C,6,4,7,C,C,6,C,3,4,2,C,C,C,C,C,C,C,C,2,C,C,C,C,C,C,C,C
Riptide,Vance Joy,Minor,0,0,C,1,C,2,C,3,C,6,4,7,C,C,6,C,3,C,2,4,C,3,C,4,C,3,C,2,4,C,C,6,C,C,3,C
Riptide,Vance Joy,Minor,0,4,C,C,C,4,C,C,C,6,4,C,4,6,C,3,3,C,2,3,C,C,C,2,C,C,C,2,4,C,4,6,C,3,3,C
Hey There Delilah,Plain White T's,Major,0,4,C,4,C,4,C,4,4,0,C,C,3,C,2,C,3,4,2,C,C,4,C,4,C,5,4,2,C,C,3,C,2,C,3,4
The Scientist,Coldplay,Minor,0,4,0,4,0,4,0,4,0,5,5,0,5,0,5,0,5,6,2,4,-1,4,-1,4,-1,4,-1,6,3,-1,3,-1,3,-1,3,-1
The Scientist,Coldplay,Minor,0,2,C,C,C,2,3,2,6,5,C,4,C,C,2,3,2,6,2,C,4,C,C,2,3,2,4,6,C,4,C,4,4,C,3,2
The Scientist,Coldplay,Major,0,-3,C,C,4,C,2,1,4,0,C,2,1,4,C,2,C,1,4,C,C,C,C,-1,1,1,-1,4,2,-1,-1,-1,-1,C,-2,-3
Am I Wrong,Nico & Vinz,Minor,0,2,C,C,C,2,C,C,C,5,6,C,C,C,4,C,C,C,2,3,C,C,C,2,C,C,C,6,C,C,C,C,C,C,C,C
Am I Wrong,Nico & Vinz,Minor,0,4,C,C,C,C,C,C,C,5,C,C,C,C,C,C,2,C,2,5,C,5,4,C,4,3,C,6,C,C,2,C,2,C,4,C
I'm Ready,AJR,Minor,0,C,C,0,C,4,C,3,C,5,2,C,1,C,0,C,-1,C,2,-2,C,C,C,C,C,C,C,6,C,C,C,C,C,C,C,C
Whistle,Flo Rida,Minor,0,2,C,2,C,0,C,-1,C,5,2,C,2,C,0,C,-1,C,2,2,C,C,3,C,C,3,C,6,C,C,1,C,1,C,1,C
Whistle,Flo Rida,Minor,0,7,C,7,C,6,C,6,C,5,4,C,4,C,3,C,2,C,2,4,C,C,6,C,C,4,C,6,C,C,1,1,1,C,1,C
Whistle,Flo Rida,Minor,0,2,C,2,C,0,C,-1,C,5,2,C,2,C,0,C,-1,C,2,C,C,C,C,C,C,C,C,6,3,C,C,1,C,C,2,C
GDFR,Flo Rida,Minor,0,4,3,C,3,3,C,3,2,2,4,C,C,C,C,0,0,0,6,4,3,C,3,3,C,3,4,5,0,C,C,C,C,C,C,C
Yeah,OMFG,Minor,0,0,C,4,C,3,C,2,C,5,2,C,0,C,3,C,2,C,2,C,C,6,C,4,C,2,C,6,3,C,1,C,4,C,3,C
Yeah,OMFG,Minor,0,4,C,7,C,7,C,4,C,5,5,C,0,C,7,C,5,C,2,C,C,6,C,6,C,4,C,6,3,C,1,C,6,C,4,C
Get Out,OMFG,Major,0,-3,C,1,C,1,-1,1,-1,4,C,C,1,C,1,-1,1,-2,1,C,C,-1,C,-2,-3,C,-2,2,C,C,-1,C,-2,-3,C,C
Get Out,OMFG,Major,0,-3,C,1,C,1,-1,1,-1,4,C,C,1,C,1,-1,1,5,1,C,C,4,C,2,1,C,2,2,C,C,4,C,5,4,C,C
Get Out,OMFG,Major,0,-3,C,C,C,2,C,C,C,4,1,C,C,C,-1,C,1,C,1,C,C,C,C,-1,C,C,C,2,-2,C,-1,C,-2,C,-3,C
Radioactive,Imagine Dragons,Minor,0,C,C,C,0,4,C,4,3,2,C,C,C,0,4,C,4,3,6,C,C,C,1,1,C,1,2,3,C,1,C,1,1,0,0,C
Radioactive,Imagine Dragons,Minor,0,0,-1,0,2,C,-1,0,3,2,0,-1,0,-3,C,0,3,0,6,0,-1,0,2,C,-1,0,3,3,0,-1,-3,2,C,-1,0,C
Radioactive,Imagine Dragons,Minor,0,0,C,7,C,7,C,6,C,2,6,C,6,C,4,C,0,0,6,0,C,6,C,6,C,6,C,3,5,C,5,C,3,C,C,C
Radioactive,Imagine Dragons,Minor,0,4,3,4,3,4,C,0,C,2,C,C,4,3,4,C,0,C,6,4,3,4,3,4,C,0,C,3,C,C,0,0,0,C,2,C
Radioactive,Imagine Dragons,Minor,0,C,4,3,2,3,C,0,C,2,C,4,3,2,3,C,0,C,6,C,6,6,6,5,C,5,C,3,C,5,5,5,4,C,4,C
Faded,Alan Walker,Minor,0,2,C,2,C,2,C,4,C,5,7,C,7,C,7,C,6,C,2,4,C,4,C,4,C,4,C,6,1,C,1,C,1,C,0,C
Faded,Alan Walker,Minor,0,C,2,2,0,2,0,2,3,5,4,C,2,2,-1,4,C,C,2,C,C,C,C,C,2,2,2,6,1,C,C,1,1,0,2,C
Faded,Alan Walker,Minor,0,4,C,2,C,2,C,4,C,5,7,C,7,C,7,4,6,4,2,4,C,4,C,4,C,4,C,6,1,C,1,C,1,4,4,4
Roxanne,Arizona Zervas,Minor,0,-3,C,C,C,C,C,1,C,3,0,-1,0,C,C,C,C,C,6,3,3,3,3,3,1,1,0,2,0,C,-1,C,C,C,1,C
Roxanne,Arizona Zervas,Minor,0,2,2,2,2,2,2,2,2,3,3,C,1,C,C,C,C,C,6,2,2,2,2,2,2,2,2,2,3,C,1,C,C,C,C,C
Roxanne,Arizona Zervas,Minor,0,3,C,2,C,1,C,2,1,3,0,C,C,C,2,2,2,2,6,3,2,1,1,1,C,2,1,2,0,C,C,C,2,2,2,2
Roxanne,Arizona Zervas,Minor,0,0,C,C,-1,-1,C,C,C,3,0,C,C,-1,-1,C,C,C,6,1,1,1,1,1,0,-1,-1,2,0,C,C,-1,-1,C,C,C
Oui,Jeremih,Minor,0,C,C,3,C,3,3,3,C,3,1,C,1,1,C,C,C,C,6,1,1,1,C,1,C,C,C,4,2,C,1,1,C,C,C,C
Oui,Jeremih,Minor,0,1,1,1,C,C,1,1,1,3,2,C,1,1,C,C,C,C,6,1,C,C,1,C,C,1,C,4,1,C,3,1,C,C,C,C
Oui,Jeremih,Minor,0,2,C,2,2,C,1,2,3,3,1,C,C,1,C,C,C,C,6,1,C,1,C,1,C,1,C,4,2,C,1,1,C,C,1,C
Oui,Jeremih,Minor,0,0,C,0,0,C,C,0,C,3,0,C,C,C,1,C,C,-3,6,2,C,2,2,C,C,2,C,4,2,C,1,C,0,C,6,C
Oui,Jeremih,Minor,0,1,C,C,0,C,C,C,-1,3,0,C,0,C,0,3,1,C,6,C,C,C,0,C,C,C,-1,4,0,C,0,C,0,3,1,C
Take On Me,a-ha,Minor,0,4,4,2,0,C,0,C,3,3,3,C,3,C,5,5,6,7,6,6,6,6,3,C,2,C,4,2,C,4,C,4,3,3,4,3
Take On Me,a-ha,Minor,0,2,C,C,2,C,1,0,C,3,C,C,C,C,C,C,C,C,6,1,1,C,1,C,-1,C,C,2,C,4,C,4,4,C,3,C
Take On Me,a-ha,Minor,0,2,C,C,2,2,1,C,0,3,C,C,C,C,C,C,C,0,6,1,C,2,1,C,0,C,-1,2,C,0,C,1,0,C,-1,C
Don't Stop Believin',Journey,Major,0,C,C,C,C,C,1,2,4,4,C,C,C,C,C,5,6,5,5,C,C,C,C,C,6,7,3,3,C,C,C,C,C,6,7,0
Don't Stop Believin',Journey,Major,0,C,C,C,C,C,1,2,4,4,C,C,C,C,C,5,6,2,5,C,C,C,C,C,6,2,3,3,C,C,C,C,C,6,7,0
Don't Stop Believin',Journey,Major,0,C,C,C,C,C,C,2,0,4,1,1,C,2,C,C,C,C,5,C,C,C,C,-1,0,0,0,3,4,C,4,2,C,0,C,C
Don't Stop Believin',Journey,Major,0,C,C,C,C,C,0,2,0,4,1,1,C,2,C,1,C,0,5,1,C,C,2,C,C,0,C,3,C,C,C,C,C,C,C,C
Bitter Sweet Symphony,The Verve,Major,0,C,C,2,C,4,C,2,C,4,3,C,1,C,3,C,C,C,6,6,C,3,C,6,C,C,C,3,5,C,3,C,5,C,C,C
Bitter Sweet Symphony,The Verve,Major,0,C,C,2,C,C,C,3,C,4,C,C,3,C,C,C,6,C,6,C,C,6,C,C,C,6,C,3,5,C,5,C,5,C,5,C
Bitter Sweet Symphony,The Verve,Major,0,2,C,C,C,2,C,C,C,4,3,C,3,C,3,C,3,C,6,6,C,6,C,6,C,6,C,3,C,C,5,C,C,C,5,C
Bitter Sweet Symphony,The Verve,Major,0,2,C,C,C,2,C,C,C,4,3,C,C,C,3,C,C,C,6,6,C,C,C,6,C,7,C,3,6,C,5,C,C,C,5,C
What is Love,Haddaway,Minor,0,2,1,2,0,2,1,2,0,2,2,1,2,-1,2,1,2,-1,4,1,0,1,-1,1,0,1,-1,6,1,0,1,-1,1,0,1,-1
What is Love,Haddaway,Minor,0,C,C,C,C,4,5,4,6,2,C,4,C,C,C,C,4,6,4,C,4,C,C,C,C,4,3,6,C,C,C,C,C,4,6,7
What I've Done,Linkin Park,Minor,0,7,C,C,C,C,C,C,2,2,6,C,4,C,2,C,C,C,6,C,C,6,C,6,C,4,C,3,7,C,C,C,6,C,C,C
Numb,Linkin Park,Minor,0,0,C,C,2,C,C,1,C,5,C,C,C,C,C,-3,-1,-3,2,2,C,C,1,C,C,-1,C,6,C,C,C,C,C,-3,-1,-3
Numb,Linkin Park,Minor,0,C,0,4,4,4,4,5,4,5,C,4,3,2,C,C,C,-1,2,4,4,3,2,C,3,C,-1,6,4,3,C,2,C,3,C,C
Numb,Linkin Park,Minor,0,0,C,C,0,0,C,-1,C,5,0,C,0,0,0,C,1,C,2,-1,C,0,0,0,C,-1,C,6,0,C,0,0,0,C,-1,C
Numb,Linkin Park,Minor,0,7,C,7,7,7,7,6,7,5,C,6,6,6,C,C,C,C,2,7,6,6,6,C,4,C,4,6,5,4,C,3,C,4,C,4
"Hey, Soul Sister",Train,Major,0,2,C,2,C,2,C,C,C,4,C,C,1,2,3,2,1,0,5,2,C,2,C,2,2,2,2,3,C,C,C,C,C,C,C,0
Dragostea Din Tei,O-Zone,Major,0,C,C,2,C,2,3,2,1,4,-1,C,C,C,4,6,5,4,1,1,C,C,C,1,5,4,3,2,4,3,2,C,4,C,3,4
Dragostea Din Tei,O-Zone,Major,0,C,C,2,C,2,3,2,1,4,-1,C,C,C,4,C,5,5,1,C,C,3,5,C,C,3,4,2,C,2,C,C,4,C,3,4
In The End,Linkin Park,Minor,0,0,C,4,C,4,C,2,C,6,1,C,1,C,1,C,1,2,5,0,C,4,C,4,C,2,C,6,1,C,1,C,1,C,1,2
So What,Pink,Major,0,0,C,0,C,C,-2,0,-2,2,0,C,-2,C,C,-2,0,-2,5,0,C,-2,C,C,-2,0,-2,3,0,C,C,C,1,C,C,C
So What,Pink,Major,0,C,C,C,C,C,0,0,2,2,C,C,C,C,C,0,0,2,5,C,C,C,C,C,0,0,-2,3,0,C,C,C,1,C,C,0
Just Dance,Lady Gaga,Minor,0,2,C,2,C,2,C,2,C,2,4,C,4,C,4,C,4,C,6,1,C,1,C,1,C,5,C,3,C,C,0,C,3,C,C,C
Just Dance,Lady Gaga,Minor,0,C,C,0,C,0,C,1,C,2,2,C,3,C,4,C,2,C,6,0,C,-1,C,C,C,3,C,3,C,C,2,C,C,C,0,C
Just Dance,Lady Gaga,Minor,0,C,C,6,C,6,C,4,C,2,5,C,4,C,2,C,C,C,6,6,C,6,C,4,C,5,C,3,4,C,2,C,C,C,C,C
Just Dance,Lady Gaga,Minor,0,2,C,0,C,2,C,2,C,2,4,C,4,C,2,C,C,C,6,C,C,6,C,6,C,4,C,3,5,C,4,C,2,C,C,C
Just Dance,Lady Gaga,Minor,0,2,C,0,C,C,C,2,2,2,2,C,2,C,2,C,C,C,6,C,C,1,C,C,C,1,C,3,C,C,1,C,C,C,2,C
Paparazzi,Lady Gaga,Major,0,0,0,0,0,0,C,1,-1,4,C,-1,-1,-1,-1,C,0,2,5,C,0,C,C,-2,-1,C,C,3,-2,-1,C,2,C,0,C,C
Paparazzi,Lady Gaga,Major,0,4,C,3,C,2,1,C,-1,4,C,C,C,-3,-3,-3,-3,-3,5,4,C,3,C,2,1,C,-2,3,C,C,C,C,C,C,C,C
I Kissed A Girl,Katy Perry,Minor,0,C,C,2,C,1,C,-1,-3,2,C,-3,2,1,C,-1,C,-2,3,C,C,-2,C,-2,C,-2,C,5,-2,C,-1,-2,C,-3,C,C
I Kissed A Girl,Katy Perry,Minor,0,C,C,0,C,2,3,C,4,2,C,C,0,C,2,3,C,4,3,C,C,0,C,2,3,C,4,5,C,C,2,C,3,C,2,C
Hot N Cold,Katy Perry,Major,0,2,C,C,C,C,2,0,1,4,C,C,C,C,C,1,0,1,1,C,C,C,C,C,2,0,-2,3,C,C,C,C,C,C,-3,C
Hot N Cold,Katy Perry,Major,0,C,0,0,C,0,C,-3,-1,4,C,0,0,C,0,C,-3,1,1,C,1,2,C,-2,C,-3,1,3,C,1,2,C,-2,-3,-3,0
Apologize,One Republic,Minor,0,7,6,7,6,6,C,6,4,5,6,C,6,C,6,C,3,4,2,4,C,C,C,C,C,C,2,1,1,C,C,C,C,C,C,C
Apologize,One Republic,Minor,0,6,6,C,2,2,0,2,0,5,C,C,C,C,C,C,C,2,2,6,6,C,C,C,C,C,2,1,1,C,C,C,1,2,2,2
Viva La Vida,Coldplay,Major,0,6,C,C,C,C,C,7,5,1,C,C,C,C,C,5,C,1,4,5,C,5,4,6,C,1,2,2,C,C,6,6,6,6,6,6
Viva La Vida,Coldplay,Major,0,6,C,C,C,C,C,7,5,1,C,C,C,C,C,5,C,1,4,5,C,5,C,5,C,6,4,2,C,3,2,C,C,C,C,C
Viva La Vida,Coldplay,Major,0,-1,C,C,C,C,C,0,-2,1,C,C,C,C,C,C,-3,-3,4,-1,-2,-3,-3,C,C,-1,-2,2,-3,-3,C,C,2,2,2,2
Viva La Vida,Coldplay,Major,0,2,C,C,C,C,C,0,1,1,C,C,C,C,C,1,C,1,4,1,C,C,1,1,C,0,-1,2,C,C,-1,-1,-1,-1,-1,-1
Viva La Vida,Coldplay,Major,0,2,C,2,C,2,1,2,3,1,C,3,C,3,C,C,C,C,4,1,C,1,C,1,C,1,-1,2,0,-1,C,C,-1,-1,-1,-1
Viva La Vida,Coldplay,Major,0,6,C,C,C,C,7,C,5,1,C,C,C,C,C,4,5,4,4,3,3,C,C,6,C,3,4,2,C,C,C,C,C,C,C,C
Last Friday Night,Katy Perry,Major,0,1,C,1,C,1,C,-1,0,5,1,C,1,C,1,C,-3,1,2,C,-1,C,C,C,C,1,-2,1,C,C,C,C,C,C,-1,0
Last Friday Night,Katy Perry,Major,0,C,C,-1,-1,-1,-2,-2,-3,5,-3,C,-1,-1,-1,-2,-2,-3,2,-3,C,-1,-1,-1,-2,-2,-3,1,-2,C,-1,C,-2,-3,C,-3
Grenade,Bruno Mars,Minor,0,C,C,C,C,2,C,0,C,5,5,C,C,C,C,C,C,C,2,4,C,3,C,3,C,3,C,6,3,C,2,C,3,C,4,C
Grenade,Bruno Mars,Minor,0,C,C,C,C,2,C,0,C,5,5,C,C,C,C,C,C,C,2,4,C,0,C,2,C,3,C,6,6,C,5,C,4,C,5,C
Timber,Pitbull,Minor,0,C,C,C,C,C,4,3,2,2,4,6,C,C,C,C,C,C,6,6,C,C,C,C,4,3,2,5,0,2,C,C,C,4,3,2
Sugar,Maroon 5,Major,0,C,6,5,4,4,C,C,C,2,C,6,5,4,4,C,C,C,5,C,6,5,4,5,5,2,5,4,5,5,5,4,4,C,C,C
Sugar,Maroon 5,Major,0,2,C,C,C,C,-3,4,C,2,2,C,C,C,C,1,2,6,5,C,5,5,4,4,5,C,4,4,C,C,C,C,C,-3,4,C
Sugar,Maroon 5,Major,0,C,5,5,4,4,5,C,6,2,C,5,5,4,4,C,C,6,5,C,5,5,4,4,5,C,6,4,C,2,2,4,C,C,4,C
Wrecking Ball,Miley Cyrus,Minor,0,0,C,4,C,0,C,4,C,2,-1,C,4,C,-1,C,-1,1,6,C,0,C,C,1,0,1,2,3,C,1,0,C,C,C,4,C
Wrecking Ball,Miley Cyrus,Minor,0,7,C,7,C,7,6,4,C,2,7,C,7,C,7,6,4,C,6,6,C,6,C,6,5,C,4,3,C,2,C,C,C,C,C,C
Wrecking Ball,Miley Cyrus,Major,0,3,C,C,2,2,C,C,C,4,C,C,C,0,3,2,1,0,5,3,C,C,2,2,C,C,C,3,C,C,0,0,3,2,1,0
Get Lucky,Daft Punk,Minor,0,2,C,C,C,C,2,3,4,2,C,C,C,C,C,4,5,6,4,C,C,C,C,C,6,7,5,3,C,C,C,C,C,C,3,C
Rockabye,Clean Bandit,Minor,0,0,C,C,0,C,C,0,C,5,-2,C,C,C,C,C,C,C,6,1,C,C,3,C,C,-3,C,2,C,C,C,C,C,C,C,C
Rockabye,Clean Bandit,Minor,0,C,C,C,C,C,C,C,C,5,C,C,C,C,2,2,2,2,6,C,C,1,C,C,C,C,C,4,C,C,4,C,3,C,2,0
Rockabye,Clean Bandit,Minor,0,C,C,4,C,3,C,2,0,5,C,0,4,C,2,2,C,2,6,C,C,3,C,C,C,C,C,4,C,0,4,C,3,C,2,0
Rockabye,Clean Bandit,Minor,0,4,C,2,2,C,C,C,5,5,C,5,5,5,5,4,3,C,6,3,C,C,1,C,C,C,4,4,C,4,C,4,4,3,2,3
Rockabye,Clean Bandit,Minor,0,4,C,C,2,C,C,C,5,5,C,5,C,5,5,4,3,C,6,3,C,C,6,C,C,1,C,4,C,C,0,C,2,C,3,C
Rockabye,Clean Bandit,Minor,0,0,C,1,2,C,C,4,C,5,C,2,C,C,2,C,2,1,6,C,C,C,C,C,C,C,1,4,C,1,C,2,1,C,2,C
Wake Me Up,Avicii,Minor,0,C,C,C,C,7,7,7,7,5,C,C,C,C,6,C,4,6,2,C,C,C,C,4,3,2,C,6,C,C,C,C,C,C,C,C
Wake Me Up,Avicii,Minor,0,C,C,C,C,7,C,7,7,5,6,C,6,C,6,C,4,C,2,6,C,7,C,C,C,C,C,6,C,C,C,C,C,C,C,C
Wake Me Up,Avicii,Minor,0,2,C,C,C,2,C,C,C,5,0,C,-1,C,-1,C,C,-1,2,C,C,C,C,C,C,C,C,6,C,C,C,C,0,C,1,C
Wake Me Up,Avicii,Minor,0,2,C,C,C,4,C,4,C,5,3,2,C,2,C,3,C,C,2,2,C,C,C,C,C,-1,-1,6,C,C,C,C,C,C,C,C
Wake Me Up,Avicii,Minor,0,C,C,C,C,6,C,C,C,5,5,C,4,4,C,3,2,C,2,2,C,C,C,C,C,C,C,6,C,C,0,C,0,C,1,C
Wake Me Up,Avicii,Minor,0,0,C,C,C,0,C,C,-1,5,0,2,0,C,C,-1,0,-1,2,2,C,C,C,2,C,C,2,6,3,2,3,C,4,C,2,C
Ridin' Solo,Jason Derulo,Major,0,C,C,0,0,4,4,7,C,4,C,C,-1,-1,3,3,6,C,6,C,C,-1,-1,3,3,6,C,3,C,C,-2,-2,3,3,5,C
Ridin' Solo,Jason Derulo,Major,0,7,7,7,7,4,C,3,7,4,C,7,C,7,4,C,3,C,6,7,7,7,C,4,C,3,7,3,C,7,7,7,4,3,4,5
Ridin' Solo,Jason Derulo,Major,0,4,C,4,C,C,4,4,5,4,4,C,3,C,C,3,3,3,6,4,C,3,C,C,3,3,3,3,4,C,1,C,3,C,4,C
Let Her Go,Passenger,Major,0,4,C,4,4,4,2,4,C,4,C,C,C,C,5,6,5,4,1,5,C,5,5,6,C,5,4,2,C,C,C,C,5,6,5,4
Let Her Go,Passenger,Minor,0,4,4,4,4,4,3,2,2,5,2,C,C,C,4,4,C,4,6,C,3,C,3,3,2,1,C,4,1,C,C,-1,4,3,C,2
Cheap Thrills,Sia,Minor,0,4,C,3,4,C,C,4,3,5,4,7,7,C,7,C,C,7,2,6,C,6,6,C,C,6,6,6,6,C,6,C,6,C,4,3
Cheap Thrills,Sia,Minor,0,2,C,3,C,1,C,C,1,5,2,C,3,C,1,C,C,1,2,2,C,2,C,2,C,-1,C,6,-1,C,C,C,C,C,0,1
Cheap Thrills,Sia,Minor,0,2,C,C,0,C,C,0,C,5,0,0,C,0,C,-1,0,C,2,0,C,-1,-1,C,C,2,C,6,1,C,1,C,1,C,C,C
Cheap Thrills,Sia,Minor,0,-3,C,0,C,1,C,2,C,5,1,C,C,C,1,C,0,C,2,-3,C,C,C,C,C,C,C,6,C,C,C,C,C,C,C,-3
Love Me Like You Do,Ellie Goulding,Major,0,1,1,1,0,0,C,1,1,2,1,1,1,0,0,C,C,C,5,1,1,1,0,0,C,1,1,3,1,1,2,0,0,C,C,C
All Star,Smash Mouth,Major,0,4,C,2,C,2,C,C,C,4,1,C,0,C,0,C,3,C,1,C,C,2,C,2,C,1,C,3,1,C,0,C,C,C,0,C
All Star,Smash Mouth,Major,0,2,2,4,C,3,C,2,2,4,1,C,1,C,1,C,C,0,1,2,C,0,C,0,C,0,-2,3,0,C,0,C,-2,-3,C,C
All Star,Smash Mouth,Major,0,2,4,C,2,5,C,2,4,4,C,2,5,C,2,4,C,3,1,C,2,C,1,C,1,C,0,3,1,C,0,C,C,C,C,C
As Long As You Love Me,Backstreet Boys,Major,0,0,1,C,4,C,C,C,C,4,-1,1,C,4,C,C,C,C,5,-1,1,C,4,C,C,2,4,1,C,5,6,5,C,4,C,C
As Long As You Love Me,Backstreet Boys,Minor,0,4,3,3,2,2,1,1,-3,5,-2,C,4,3,C,C,C,-1,6,3,3,3,3,C,4,5,5,2,4,C,C,C,C,C,C,C
All That She Wants,Ace of Base,Minor,0,4,C,C,C,3,C,2,0,0,C,C,C,2,C,2,2,2,6,3,C,3,C,C,C,2,C,3,3,C,3,3,C,2,2,C
All That She Wants,Ace of Base,Minor,0,0,C,C,C,C,C,C,C,0,2,0,2,C,0,C,C,C,6,0,C,C,C,C,C,C,C,3,3,0,3,C,0,C,2,C
All That She Wants,Ace of Base,Major,0,4,C,0,C,0,C,4,4,0,4,C,0,0,C,C,4,2,6,3,C,3,C,3,C,2,3,3,C,2,1,0,C,C,0,C
Blue,Eiffel 65,Minor,0,2,C,-3,C,0,C,2,C,6,3,C,-1,C,1,C,2,C,5,C,C,0,C,2,C,4,C,3,5,C,0,C,4,C,3,C
Barbie Girl,Aqua,Minor,0,C,2,3,4,C,2,3,4,3,C,5,4,3,C,1,2,3,6,C,1,2,3,C,3,4,3,0,C,2,C,C,C,2,3,4
Barbie Girl,Aqua,Minor,0,4,C,2,C,4,C,7,C,3,5,C,C,C,C,C,C,C,6,3,C,1,C,3,C,6,C,2,4,C,C,C,3,C,2,C
Barbie Girl,Aqua,Minor,0,C,C,C,C,2,C,0,C,3,3,C,C,C,0,C,C,C,6,C,C,C,C,3,C,2,C,6,4,C,C,C,3,C,C,C
Firework,Katy Perry,Major,0,1,C,C,C,C,C,0,2,1,C,C,C,C,4,3,2,1,5,1,C,C,C,C,C,0,2,3,C,C,C,C,4,3,2,1
Firework,Katy Perry,Major,0,1,C,C,1,C,C,1,C,1,C,C,-3,-3,4,3,2,1,5,1,C,C,1,C,C,1,C,3,C,C,C,C,4,3,2,1
Firework,Katy Perry,Major,0,1,C,C,1,C,C,1,C,1,C,-3,-3,-3,4,3,2,1,5,1,C,C,1,C,C,1,0,3,C,C,C,C,C,C,C,C
Firework,Katy Perry,Major,0,2,C,C,C,C,C,1,3,1,C,C,C,C,C,C,2,4,5,C,C,C,C,C,3,3,4,3,5,C,C,C,C,C,6,7
Firework,Katy Perry,Major,0,C,C,2,4,4,2,2,C,6,C,C,1,1,1,0,0,C,5,C,C,0,1,1,0,0,C,3,C,0,0,0,1,2,2,C
Firework,Katy Perry,Major,0,C,C,4,7,7,4,4,C,6,C,4,4,4,5,7,7,C,5,C,C,4,7,7,4,4,4,3,5,4,4,2,5,4,4,C
I Want To Hold Your Hand,The Beatles,Major,0,4,3,2,C,C,C,2,4,4,2,C,1,C,C,C,C,C,5,C,2,2,2,2,C,2,-1,2,C,C,C,C,C,C,C,C
As Long As You Love Me,Justin Bieber,Minor,0,0,C,0,0,0,0,6,C,5,6,6,6,6,6,6,4,C,6,3,C,3,3,3,3,2,C,3,0,C,2,0,1,2,1,C
As Long As You Love Me,Justin Bieber,Minor,0,0,C,0,0,0,0,6,C,5,6,6,6,6,6,6,4,C,6,3,C,3,3,3,3,2,C,3,0,C,2,C,0,C,C,C
Where'd You Go,Fort Minor,Major,0,2,0,2,0,2,0,2,0,4,1,0,1,0,1,0,1,0,5,2,0,2,0,2,0,2,0,3,1,0,1,0,1,0,1,0
I'm Born To Run,American Authors,Minor,0,2,C,7,C,6,C,4,3,2,2,3,4,0,C,C,2,2,4,2,3,4,0,C,C,2,2,5,2,C,0,2,C,4,3,2
I'm Born To Run,American Authors,Minor,0,C,C,C,0,0,-1,2,C,2,C,C,C,3,3,4,2,C,4,C,C,C,C,3,2,3,C,5,C,C,C,3,4,2,0,-1
Harder Than You Think,Public Enemy,Major,0,0,C,C,C,C,C,C,1,4,C,C,C,C,-3,-2,0,1,1,C,C,C,C,C,C,2,5,5,C,C,C,C,C,C,C,4
Hello,Adele,Minor,0,3,4,C,C,C,C,C,C,2,C,C,C,C,C,3,C,3,6,C,C,C,C,C,C,C,C,5,C,C,C,C,2,C,C,3
Hello,Adele,Minor,0,C,C,4,4,C,C,4,4,2,C,C,3,3,C,C,2,3,6,C,C,4,3,C,C,0,2,5,C,C,C,C,2,4,C,4
Hello,Adele,Minor,0,C,C,3,2,C,C,C,C,2,C,C,C,C,3,3,3,3,6,C,C,4,C,C,C,C,C,5,C,C,4,C,4,C,4,4
Hello,Adele,Minor,0,C,C,4,4,C,C,4,4,2,C,C,3,2,C,2,2,3,6,C,C,2,3,C,2,2,C,5,C,C,0,C,C,C,C,3
Hello,Adele,Minor,0,0,C,0,C,2,C,2,C,5,3,C,3,C,4,3,C,C,2,C,C,C,4,3,C,2,C,6,C,C,C,C,C,C,0,C
Hello,Adele,Minor,0,C,C,3,4,C,C,2,C,5,C,2,0,-1,C,2,2,2,2,2,C,1,C,0,C,-1,C,6,C,-1,-1,C,6,C,3,2
Hello,Adele,Minor,0,2,C,3,4,C,C,C,C,5,C,C,C,C,C,C,6,C,6,C,C,C,C,5,4,C,5,2,4,C,C,C,C,3,2,2
Beats,AJR,Major,0,C,5,C,2,C,C,0,0,1,1,1,1,C,0,0,0,C,3,C,5,C,2,C,0,0,0,0,1,1,1,0,C,C,C,C
Broken,lovelytheband,Minor,0,C,2,C,2,2,C,-1,2,5,C,2,2,C,2,C,C,4,2,C,4,4,C,4,3,2,3,6,C,C,C,C,C,C,-1,2
Floats My Boat,Aer,Major,0,-3,C,2,2,2,1,0,1,1,C,C,1,1,1,0,-2,0,5,C,C,0,0,0,0,-2,0,5,C,-3,-3,-3,-3,-3,-2,C
The Motion,Drake,Minor,0,0,C,2,3,C,4,C,5,5,C,C,4,3,C,2,C,3,3,C,C,2,C,C,3,C,4,4,C,C,C,C,C,C,C,C
The Motion,Drake,Minor,0,4,4,4,3,3,C,C,2,5,3,3,3,2,2,C,C,0,3,3,3,3,2,2,2,2,3,4,3,3,3,2,2,C,C,0
The Motion,Drake,Minor,0,4,4,4,3,3,C,3,3,5,3,3,3,2,4,3,C,C,3,C,C,C,C,C,0,2,1,4,C,C,0,C,0,-3,1,C
The Motion,Drake,Minor,0,0,C,C,C,C,C,C,C,5,C,C,-1,C,1,C,C,C,3,-1,C,C,C,C,0,2,1,4,C,C,0,C,0,-3,1,C
The Motion,Drake,Minor,0,4,4,4,4,4,C,3,3,5,3,3,3,3,4,C,3,3,3,3,3,3,2,4,3,3,3,4,3,3,3,2,4,C,4,3
The Motion,Drake,Minor,0,4,C,3,2,4,C,3,3,5,3,3,3,2,4,C,3,3,3,3,3,3,2,4,2,3,3,4,3,3,3,2,4,C,3,3
The Motion,Drake,Minor,0,0,C,C,C,C,C,C,C,5,C,C,C,C,C,0,0,1,3,C,0,-1,-1,C,-3,-3,1,4,C,0,-1,-1,C,-1,-3,1
Prayer in C,Lilly Wood,Minor,0,2,C,C,2,4,3,3,2,3,2,2,2,2,4,3,2,3,6,3,C,C,2,4,3,2,3,3,3,3,C,C,C,C,C,C
Pompeii,Bastile,Major,0,C,7,4,C,7,4,C,6,4,C,6,4,C,6,4,C,6,2,C,6,4,C,6,4,C,5,1,C,5,4,C,5,4,C,7
Pompeii,Bastile,Major,0,-1,-1,1,C,C,C,C,C,4,-1,-1,1,C,C,C,-1,-1,2,C,C,C,-2,C,-3,C,-2,1,C,-1,C,C,C,C,C,C
Pompeii,Bastile,Major,0,4,C,4,C,4,2,1,4,4,C,C,4,4,6,5,4,5,2,4,C,3,C,2,C,4,3,1,C,C,C,C,C,C,1,C
Pompeii,Bastile,Major,0,0,C,-3,C,0,-3,-3,1,4,C,-1,C,-2,C,-3,C,1,2,C,-1,C,-2,C,-3,C,-2,1,C,-3,-3,-3,-1,C,-2,-3
Pompeii,Bastile,Major,0,7,7,7,7,7,7,7,4,4,7,C,6,C,C,C,4,C,2,7,7,7,7,7,7,7,4,1,7,C,6,C,C,5,C,4
Titanium,David Guetta,Major,0,C,C,C,-3,-3,-2,0,-1,4,C,C,C,C,C,C,-3,1,5,C,0,C,-1,C,0,C,-2,5,C,-2,C,0,C,C,C,C
Titanium,David Guetta,Major,0,C,C,C,4,4,5,7,6,4,C,C,C,4,4,5,2,C,5,C,C,1,C,2,C,1,3,5,C,2,C,1,C,2,C,0
Pumped Up Kicks,Foster The People,Minor,0,C,3,3,1,3,C,4,C,2,C,C,C,C,C,4,C,4,6,C,3,3,1,3,1,3,4,3,C,3,3,C,3,C,1,4
Pumped Up Kicks,Foster The People,Minor,0,C,3,3,C,3,6,4,C,2,C,C,C,C,C,C,C,C,6,4,3,3,1,3,C,1,3,3,4,3,C,3,C,3,3,4
Pumped Up Kicks,Foster The People,Minor,0,C,3,3,C,3,3,4,C,2,C,C,C,C,C,C,1,3,6,4,C,3,3,C,1,1,3,3,4,3,C,3,C,3,3,4
Cruise,Florida Georgia Line,Major,0,2,2,2,0,1,C,C,1,4,1,1,1,1,1,C,0,C,5,2,C,0,C,-2,C,C,-2,3,2,C,1,C,C,C,C,C
Trumpets,Jason Derulo,Major,0,5,C,C,C,C,C,4,4,3,C,C,C,C,0,C,1,C,5,C,C,1,C,C,C,C,C,4,C,C,C,C,7,C,6,C
Trumpets,Jason Derulo,Major,0,2,C,C,C,4,C,3,C,3,C,C,0,C,C,C,C,C,5,4,C,3,C,2,C,1,C,4,C,C,0,C,2,C,0,C
Trumpets,Jason Derulo,Major,0,0,C,0,C,-2,0,-2,-3,3,0,C,0,C,-2,0,-2,-3,5,0,C,0,C,-2,0,-2,-3,4,1,C,1,C,-3,-2,0,-2
Trumpets,Jason Derulo,Major,0,7,C,C,C,C,C,2,3,3,3,C,2,1,0,C,C,C,5,-3,2,1,0,1,0,1,C,4,1,C,C,C,6,5,6,C